product_model,product_link,image_found,pdf_found
GW27831,https://www.gewiss.com//ww/en/products/experience-catalogue/catalogs/series/product/domotics/27-combi-range-wall-mounting-enclosures-and-modular-components/GW27831,True,True
GW27832,https://www.gewiss.com//ww/en/products/experience-catalogue/catalogs/series/product/domotics/27-combi-range-wall-mounting-enclosures-and-modular-components/GW27832,True,True
GW27833,https://www.gewiss.com//ww/en/products/experience-catalogue/catalogs/series/product/domotics/27-combi-range-wall-mounting-enclosures-and-modular-components/GW27833,True,True
GW27834,https://www.gewiss.com//ww/en/products/experience-catalogue/catalogs/series/product/domotics/27-combi-range-wall-mounting-enclosures-and-modular-components/GW27834,True,True
GW26215/3,,False,False
GW26215/4,,False,False
GW26215/6,,False,False
GW26215/8,,False,False
GW26215/12,,False,False
GW20571,https://www.gewiss.com//ww/en/products/experience-catalogue/catalogs/series/product/domotics/system---domestic-range-modular-devices/GW20571,True,True
GW20572,https://www.gewiss.com//ww/en/products/experience-catalogue/catalogs/series/product/domotics/system---domestic-range-modular-devices/GW20572,True,True
GW20503,https://www.gewiss.com//ww/en/products/experience-catalogue/catalogs/series/product/domotics/system---domestic-range-modular-devices/GW20503,True,True
GW20504,https://www.gewiss.com//ww/en/products/experience-catalogue/catalogs/series/product/domotics/system---domestic-range-modular-devices/GW20504,True,True
GW20576,https://www.gewiss.com//ww/en/products/experience-catalogue/catalogs/series/product/domotics/system---domestic-range-modular-devices/GW20576,True,True
GW20577,https://www.gewiss.com//ww/en/products/experience-catalogue/catalogs/series/product/domotics/system---domestic-range-modular-devices/GW20577,True,True
GW20579,https://www.gewiss.com//ww/en/products/experience-catalogue/catalogs/series/product/domotics/system---domestic-range-modular-devices/GW20579,True,True
GW20559,,False,False
GW20528,https://www.gewiss.com//ww/en/products/experience-catalogue/catalogs/series/product/domotics/system---domestic-range-modular-devices/GW20528,True,True
GW20510,https://www.gewiss.com//ww/en/products/experience-catalogue/catalogs/series/product/domotics/system---domestic-range-modular-devices/GW20510,True,True
GW20512,https://www.gewiss.com//ww/en/products/experience-catalogue/catalogs/series/product/domotics/system---domestic-range-modular-devices/GW20512,True,True
GW20521,https://www.gewiss.com//ww/en/products/experience-catalogue/catalogs/series/product/domotics/system---domestic-range-modular-devices/GW20521,True,True
GW27843,https://www.gewiss.com//ww/en/products/experience-catalogue/catalogs/series/product/domotics/27-combi-range-wall-mounting-enclosures-and-modular-components/GW27843,True,True
GW26224,,False,False
GW26220/15,,False,False
GW27415,https://www.gewiss.com//ww/en/products/experience-catalogue/catalogs/series/product/domotics/27-combi-range-wall-mounting-enclosures-and-modular-components/GW27415,True,True
GW27416,https://www.gewiss.com//ww/en/products/experience-catalogue/catalogs/series/product/domotics/27-combi-range-wall-mounting-enclosures-and-modular-components/GW27416,True,True
GW27417,https://www.gewiss.com//ww/en/products/experience-catalogue/catalogs/series/product/domotics/27-combi-range-wall-mounting-enclosures-and-modular-components/GW27417,True,True
GW27418,https://www.gewiss.com//ww/en/products/experience-catalogue/catalogs/series/product/domotics/27-combi-range-wall-mounting-enclosures-and-modular-components/GW27418,True,True
GW27419,https://www.gewiss.com//ww/en/products/experience-catalogue/catalogs/series/product/domotics/27-combi-range-wall-mounting-enclosures-and-modular-components/GW27419,True,True
GW60001H,https://www.gewiss.com//ww/en/products/experience-catalogue/catalogs/series/product/building/iec-309-hp-range-plugs-and-socket-outlets-iec-309-standards/GW60001H,True,True
GW60004H,https://www.gewiss.com//ww/en/products/experience-catalogue/catalogs/series/product/building/iec-309-hp-range-plugs-and-socket-outlets-iec-309-standards/GW60004H,True,True
GW60008H,https://www.gewiss.com//ww/en/products/experience-catalogue/catalogs/series/product/building/iec-309-hp-range-plugs-and-socket-outlets-iec-309-standards/GW60008H,True,True
GW60009H,https://www.gewiss.com//ww/en/products/experience-catalogue/catalogs/series/product/building/iec-309-hp-range-plugs-and-socket-outlets-iec-309-standards/GW60009H,False,False
GW60012H,https://www.gewiss.com//ww/en/products/experience-catalogue/catalogs/series/product/building/iec-309-hp-range-plugs-and-socket-outlets-iec-309-standards/GW60012H,True,True
GW60015H,https://www.gewiss.com//ww/en/products/experience-catalogue/catalogs/series/product/building/iec-309-hp-range-plugs-and-socket-outlets-iec-309-standards/GW60015H,True,True
GW60019H,https://www.gewiss.com//ww/en/products/experience-catalogue/catalogs/series/product/building/iec-309-hp-range-plugs-and-socket-outlets-iec-309-standards/GW60019H,True,True
GW60020H,https://www.gewiss.com//ww/en/products/experience-catalogue/catalogs/series/product/building/iec-309-hp-range-plugs-and-socket-outlets-iec-309-standards/GW60020H,True,True
GW60064,,False,False
GW60065,https://www.gewiss.com//ww/en/products/experience-catalogue/catalogs/series/product/building/iec-309-bts-range-extra-low-voltage-plugs-and-socket-outlets-iec-309-standard/GW60065,True,True
GW60066,https://www.gewiss.com//ww/en/products/experience-catalogue/catalogs/series/product/building/iec-309-bts-range-extra-low-voltage-plugs-and-socket-outlets-iec-309-standard/GW60066,True,True
GW60067,https://www.gewiss.com//ww/en/products/experience-catalogue/catalogs/series/product/building/iec-309-bts-range-extra-low-voltage-plugs-and-socket-outlets-iec-309-standard/GW60067,True,True
GW60068,https://www.gewiss.com//ww/en/products/experience-catalogue/catalogs/series/product/building/iec-309-bts-range-extra-low-voltage-plugs-and-socket-outlets-iec-309-standard/GW60068,True,True
GW60069,https://www.gewiss.com//ww/en/products/experience-catalogue/catalogs/series/product/building/iec-309-bts-range-extra-low-voltage-plugs-and-socket-outlets-iec-309-standard/GW60069,True,True
GW60070,https://www.gewiss.com//ww/en/products/experience-catalogue/catalogs/series/product/building/iec-309-bts-range-extra-low-voltage-plugs-and-socket-outlets-iec-309-standard/GW60070,True,True
GW60071,https://www.gewiss.com//ww/en/products/experience-catalogue/catalogs/series/product/building/iec-309-bts-range-extra-low-voltage-plugs-and-socket-outlets-iec-309-standard/GW60071,True,True
GW60072,https://www.gewiss.com//ww/en/products/experience-catalogue/catalogs/series/product/building/iec-309-bts-range-extra-low-voltage-plugs-and-socket-outlets-iec-309-standard/GW60072,True,True
GW60073,https://www.gewiss.com//ww/en/products/experience-catalogue/catalogs/series/product/building/iec-309-bts-range-extra-low-voltage-plugs-and-socket-outlets-iec-309-standard/GW60073,True,True
GW60074,https://www.gewiss.com//ww/en/products/experience-catalogue/catalogs/series/product/building/iec-309-bts-range-extra-low-voltage-plugs-and-socket-outlets-iec-309-standard/GW60074,True,True
GW60075,https://www.gewiss.com//ww/en/products/experience-catalogue/catalogs/series/product/building/iec-309-bts-range-extra-low-voltage-plugs-and-socket-outlets-iec-309-standard/GW60075,True,True
GW60076,https://www.gewiss.com//ww/en/products/experience-catalogue/catalogs/series/product/building/iec-309-bts-range-extra-low-voltage-plugs-and-socket-outlets-iec-309-standard/GW60076,True,True
GW60077,https://www.gewiss.com//ww/en/products/experience-catalogue/catalogs/series/product/building/iec-309-bts-range-extra-low-voltage-plugs-and-socket-outlets-iec-309-standard/GW60077,False,False
GW60078,https://www.gewiss.com//ww/en/products/experience-catalogue/catalogs/series/product/building/iec-309-bts-range-extra-low-voltage-plugs-and-socket-outlets-iec-309-standard/GW60078,True,True
GW60079,https://www.gewiss.com//ww/en/products/experience-catalogue/catalogs/series/product/building/iec-309-bts-range-extra-low-voltage-plugs-and-socket-outlets-iec-309-standard/GW60079,True,True
GW60080,https://www.gewiss.com//ww/en/products/experience-catalogue/catalogs/series/product/building/iec-309-bts-range-extra-low-voltage-plugs-and-socket-outlets-iec-309-standard/GW60080,True,True
GW60081,https://www.gewiss.com//ww/en/products/experience-catalogue/catalogs/series/product/building/iec-309-bts-range-extra-low-voltage-plugs-and-socket-outlets-iec-309-standard/GW60081,True,True
GW60023H,https://www.gewiss.com//ww/en/products/experience-catalogue/catalogs/series/product/building/iec-309-hp-range-plugs-and-socket-outlets-iec-309-standards/GW60023H,True,True
GW60026H,https://www.gewiss.com//ww/en/products/experience-catalogue/catalogs/series/product/building/iec-309-hp-range-plugs-and-socket-outlets-iec-309-standards/GW60026H,True,True
GW60030H,https://www.gewiss.com//ww/en/products/experience-catalogue/catalogs/series/product/building/iec-309-hp-range-plugs-and-socket-outlets-iec-309-standards/GW60030H,True,True
GW60031H,https://www.gewiss.com//ww/en/products/experience-catalogue/catalogs/series/product/building/iec-309-hp-range-plugs-and-socket-outlets-iec-309-standards/GW60031H,True,True
GW60034H,https://www.gewiss.com//ww/en/products/experience-catalogue/catalogs/series/product/building/iec-309-hp-range-plugs-and-socket-outlets-iec-309-standards/GW60034H,True,True
GW60037H,https://www.gewiss.com//ww/en/products/experience-catalogue/catalogs/series/product/building/iec-309-hp-range-plugs-and-socket-outlets-iec-309-standards/GW60037H,False,False
GW60041H,https://www.gewiss.com//ww/en/products/experience-catalogue/catalogs/series/product/building/iec-309-hp-range-plugs-and-socket-outlets-iec-309-standards/GW60041H,False,False
GW60042H,https://www.gewiss.com//ww/en/products/experience-catalogue/catalogs/series/product/building/iec-309-hp-range-plugs-and-socket-outlets-iec-309-standards/GW60042H,True,True
GW61048H,https://www.gewiss.com//ww/en/products/experience-catalogue/catalogs/series/product/building/iec-309-hp-range-plugs-and-socket-outlets-iec-309-standards/GW61048H,True,True
GW61052H,https://www.gewiss.com//ww/en/products/experience-catalogue/catalogs/series/product/building/iec-309-hp-range-plugs-and-socket-outlets-iec-309-standards/GW61052H,True,True
GW61053H,,False,False
GW60060H,https://www.gewiss.com//ww/en/products/experience-catalogue/catalogs/series/product/building/iec-309-hp-range-plugs-and-socket-outlets-iec-309-standards/GW60060H,True,True
GW60061H,,False,False
GW60223,https://www.gewiss.com//ww/en/products/experience-catalogue/catalogs/series/product/building/iec-309-hp-range-plugs-and-socket-outlets-iec-309-standards/GW60223,True,True
GW60226,https://www.gewiss.com//ww/en/products/experience-catalogue/catalogs/series/product/building/iec-309-hp-range-plugs-and-socket-outlets-iec-309-standards/GW60226,True,True
GW60230,https://www.gewiss.com//ww/en/products/experience-catalogue/catalogs/series/product/building/iec-309-hp-range-plugs-and-socket-outlets-iec-309-standards/GW60230,True,True
GW60231,https://www.gewiss.com//ww/en/products/experience-catalogue/catalogs/series/product/building/iec-309-hp-range-plugs-and-socket-outlets-iec-309-standards/GW60231,True,True
GW60234,https://www.gewiss.com//ww/en/products/experience-catalogue/catalogs/series/product/building/iec-309-hp-range-plugs-and-socket-outlets-iec-309-standards/GW60234,True,True
GW60237,https://www.gewiss.com//ww/en/products/experience-catalogue/catalogs/series/product/building/iec-309-hp-range-plugs-and-socket-outlets-iec-309-standards/GW60237,True,True
GW60241,https://www.gewiss.com//ww/en/products/experience-catalogue/catalogs/series/product/building/iec-309-hp-range-plugs-and-socket-outlets-iec-309-standards/GW60241,True,True
GW60242,https://www.gewiss.com//ww/en/products/experience-catalogue/catalogs/series/product/building/iec-309-hp-range-plugs-and-socket-outlets-iec-309-standards/GW60242,True,True
GW60263,https://www.gewiss.com//ww/en/products/experience-catalogue/catalogs/series/product/building/iec-309-hp-range-plugs-and-socket-outlets-iec-309-standards/GW60263,True,True
GW60264,https://www.gewiss.com//ww/en/products/experience-catalogue/catalogs/series/product/building/iec-309-hp-range-plugs-and-socket-outlets-iec-309-standards/GW60264,True,True
GW60265,https://www.gewiss.com//ww/en/products/experience-catalogue/catalogs/series/product/building/iec-309-hp-range-plugs-and-socket-outlets-iec-309-standards/GW60265,True,True
GW60266,https://www.gewiss.com//ww/en/products/experience-catalogue/catalogs/series/product/building/iec-309-hp-range-plugs-and-socket-outlets-iec-309-standards/GW60266,True,True
GW60267,https://www.gewiss.com//ww/en/products/experience-catalogue/catalogs/series/product/building/iec-309-hp-range-plugs-and-socket-outlets-iec-309-standards/GW60267,True,True
GW60401,https://www.gewiss.com//ww/en/products/experience-catalogue/catalogs/series/product/building/iec-309-hp-range-plugs-and-socket-outlets-iec-309-standards/GW60401,True,True
GW60404,https://www.gewiss.com//ww/en/products/experience-catalogue/catalogs/series/product/building/iec-309-hp-range-plugs-and-socket-outlets-iec-309-standards/GW60404,True,True
GW60408,https://www.gewiss.com//ww/en/products/experience-catalogue/catalogs/series/product/building/iec-309-hp-range-plugs-and-socket-outlets-iec-309-standards/GW60408,True,True
GW60409,https://www.gewiss.com//ww/en/products/experience-catalogue/catalogs/series/product/building/iec-309-hp-range-plugs-and-socket-outlets-iec-309-standards/GW60409,True,True
GW60412,https://www.gewiss.com//ww/en/products/experience-catalogue/catalogs/series/product/building/iec-309-hp-range-plugs-and-socket-outlets-iec-309-standards/GW60412,False,False
GW60415,https://www.gewiss.com//ww/en/products/experience-catalogue/catalogs/series/product/building/iec-309-hp-range-plugs-and-socket-outlets-iec-309-standards/GW60415,True,True
GW60419,https://www.gewiss.com//ww/en/products/experience-catalogue/catalogs/series/product/building/iec-309-hp-range-plugs-and-socket-outlets-iec-309-standards/GW60419,True,True
GW60420,https://www.gewiss.com//ww/en/products/experience-catalogue/catalogs/series/product/building/iec-309-hp-range-plugs-and-socket-outlets-iec-309-standards/GW60420,True,True
GW60423,https://www.gewiss.com//ww/en/products/experience-catalogue/catalogs/series/product/building/iec-309-hp-range-plugs-and-socket-outlets-iec-309-standards/GW60423,True,True
GW60426,https://www.gewiss.com//ww/en/products/experience-catalogue/catalogs/series/product/building/iec-309-hp-range-plugs-and-socket-outlets-iec-309-standards/GW60426,True,True
GW60430,https://www.gewiss.com//ww/en/products/experience-catalogue/catalogs/series/product/building/iec-309-hp-range-plugs-and-socket-outlets-iec-309-standards/GW60430,True,True
GW60431,https://www.gewiss.com//ww/en/products/experience-catalogue/catalogs/series/product/building/iec-309-hp-range-plugs-and-socket-outlets-iec-309-standards/GW60431,True,True
GW60434,https://www.gewiss.com//ww/en/products/experience-catalogue/catalogs/series/product/building/iec-309-hp-range-plugs-and-socket-outlets-iec-309-standards/GW60434,True,True
GW60437,https://www.gewiss.com//ww/en/products/experience-catalogue/catalogs/series/product/building/iec-309-hp-range-plugs-and-socket-outlets-iec-309-standards/GW60437,True,True
GW60441,https://www.gewiss.com//ww/en/products/experience-catalogue/catalogs/series/product/building/iec-309-hp-range-plugs-and-socket-outlets-iec-309-standards/GW60441,True,True
GW60442,https://www.gewiss.com//ww/en/products/experience-catalogue/catalogs/series/product/building/iec-309-hp-range-plugs-and-socket-outlets-iec-309-standards/GW60442,True,True
GW61445,,False,False
GW61448,https://www.gewiss.com//ww/en/products/experience-catalogue/catalogs/series/product/building/iec-309-hp-range-plugs-and-socket-outlets-iec-309-standards/GW61448,True,True
GW61452,https://www.gewiss.com//ww/en/products/experience-catalogue/catalogs/series/product/building/iec-309-hp-range-plugs-and-socket-outlets-iec-309-standards/GW61452,True,True
GW61453,https://www.gewiss.com//ww/en/products/experience-catalogue/catalogs/series/product/building/iec-309-hp-range-plugs-and-socket-outlets-iec-309-standards/GW61453,True,True
GW60460,https://www.gewiss.com//ww/en/products/experience-catalogue/catalogs/series/product/building/iec-309-hp-range-plugs-and-socket-outlets-iec-309-standards/GW60460,True,True
GW60461,https://www.gewiss.com//ww/en/products/experience-catalogue/catalogs/series/product/building/iec-309-hp-range-plugs-and-socket-outlets-iec-309-standards/GW60461,True,True
GW62001H,https://www.gewiss.com//ww/en/products/experience-catalogue/catalogs/series/product/building/iec-309-hp-range-plugs-and-socket-outlets-iec-309-standards/GW62001H,True,True
GW62004H,https://www.gewiss.com//ww/en/products/experience-catalogue/catalogs/series/product/building/iec-309-hp-range-plugs-and-socket-outlets-iec-309-standards/GW62004H,True,True
GW62008H,https://www.gewiss.com//ww/en/products/experience-catalogue/catalogs/series/product/building/iec-309-hp-range-plugs-and-socket-outlets-iec-309-standards/GW62008H,False,False
GW62009H,https://www.gewiss.com//ww/en/products/experience-catalogue/catalogs/series/product/building/iec-309-hp-range-plugs-and-socket-outlets-iec-309-standards/GW62009H,True,True
GW62012H,https://www.gewiss.com//ww/en/products/experience-catalogue/catalogs/series/product/building/iec-309-hp-range-plugs-and-socket-outlets-iec-309-standards/GW62012H,True,True
GW62015H,https://www.gewiss.com//ww/en/products/experience-catalogue/catalogs/series/product/building/iec-309-hp-range-plugs-and-socket-outlets-iec-309-standards/GW62015H,True,True
GW62019H,https://www.gewiss.com//ww/en/products/experience-catalogue/catalogs/series/product/building/iec-309-hp-range-plugs-and-socket-outlets-iec-309-standards/GW62019H,True,True
GW62020H,https://www.gewiss.com//ww/en/products/experience-catalogue/catalogs/series/product/building/iec-309-hp-range-plugs-and-socket-outlets-iec-309-standards/GW62020H,True,True
GW62064,https://www.gewiss.com//ww/en/products/experience-catalogue/catalogs/series/product/building/iec-309-bts-range-extra-low-voltage-plugs-and-socket-outlets-iec-309-standard/GW62064,True,True
GW62065,https://www.gewiss.com//ww/en/products/experience-catalogue/catalogs/series/product/building/iec-309-bts-range-extra-low-voltage-plugs-and-socket-outlets-iec-309-standard/GW62065,True,True
GW62066,https://www.gewiss.com//ww/en/products/experience-catalogue/catalogs/series/product/building/iec-309-bts-range-extra-low-voltage-plugs-and-socket-outlets-iec-309-standard/GW62066,True,True
GW62067,https://www.gewiss.com//ww/en/products/experience-catalogue/catalogs/series/product/building/iec-309-bts-range-extra-low-voltage-plugs-and-socket-outlets-iec-309-standard/GW62067,True,True
GW62073,https://www.gewiss.com//ww/en/products/experience-catalogue/catalogs/series/product/building/iec-309-bts-range-extra-low-voltage-plugs-and-socket-outlets-iec-309-standard/GW62073,True,True
GW62074,https://www.gewiss.com//ww/en/products/experience-catalogue/catalogs/series/product/building/iec-309-bts-range-extra-low-voltage-plugs-and-socket-outlets-iec-309-standard/GW62074,False,False
GW62075,https://www.gewiss.com//ww/en/products/experience-catalogue/catalogs/series/product/building/iec-309-bts-range-extra-low-voltage-plugs-and-socket-outlets-iec-309-standard/GW62075,True,True
GW62076,https://www.gewiss.com//ww/en/products/experience-catalogue/catalogs/series/product/building/iec-309-bts-range-extra-low-voltage-plugs-and-socket-outlets-iec-309-standard/GW62076,False,False
GW62023H,https://www.gewiss.com//ww/en/products/experience-catalogue/catalogs/series/product/building/iec-309-hp-range-plugs-and-socket-outlets-iec-309-standards/GW62023H,True,True
GW62026H,,False,False
GW62030H,https://www.gewiss.com//ww/en/products/experience-catalogue/catalogs/series/product/building/iec-309-hp-range-plugs-and-socket-outlets-iec-309-standards/GW62030H,True,True
GW62031H,https://www.gewiss.com//ww/en/products/experience-catalogue/catalogs/series/product/building/iec-309-hp-range-plugs-and-socket-outlets-iec-309-standards/GW62031H,True,True
GW62034H,https://www.gewiss.com//ww/en/products/experience-catalogue/catalogs/series/product/building/iec-309-hp-range-plugs-and-socket-outlets-iec-309-standards/GW62034H,True,True
GW62037H,https://www.gewiss.com//ww/en/products/experience-catalogue/catalogs/series/product/building/iec-309-hp-range-plugs-and-socket-outlets-iec-309-standards/GW62037H,True,True
GW62041H,https://www.gewiss.com//ww/en/products/experience-catalogue/catalogs/series/product/building/iec-309-hp-range-plugs-and-socket-outlets-iec-309-standards/GW62041H,True,True
GW62042H,https://www.gewiss.com//ww/en/products/experience-catalogue/catalogs/series/product/building/iec-309-hp-range-plugs-and-socket-outlets-iec-309-standards/GW62042H,True,True
GW63045H,https://www.gewiss.com//ww/en/products/experience-catalogue/catalogs/series/product/building/iec-309-hp-range-plugs-and-socket-outlets-iec-309-standards/GW63045H,True,True
GW63048H,https://www.gewiss.com//ww/en/products/experience-catalogue/catalogs/series/product/building/iec-309-hp-range-plugs-and-socket-outlets-iec-309-standards/GW63048H,True,True
GW63049H,https://www.gewiss.com//ww/en/products/experience-catalogue/catalogs/series/product/building/iec-309-hp-range-plugs-and-socket-outlets-iec-309-standards/GW63049H,True,True
GW63050H,https://www.gewiss.com//ww/en/products/experience-catalogue/catalogs/series/product/building/iec-309-hp-range-plugs-and-socket-outlets-iec-309-standards/GW63050H,True,True
GW63052H,https://www.gewiss.com//ww/en/products/experience-catalogue/catalogs/series/product/building/iec-309-hp-range-plugs-and-socket-outlets-iec-309-standards/GW63052H,True,True
GW63053H,https://www.gewiss.com//ww/en/products/experience-catalogue/catalogs/series/product/building/iec-309-hp-range-plugs-and-socket-outlets-iec-309-standards/GW63053H,True,True
GW62060H,https://www.gewiss.com//ww/en/products/experience-catalogue/catalogs/series/product/building/iec-309-hp-range-plugs-and-socket-outlets-iec-309-standards/GW62060H,True,True
GW62061H,https://www.gewiss.com//ww/en/products/experience-catalogue/catalogs/series/product/building/iec-309-hp-range-plugs-and-socket-outlets-iec-309-standards/GW62061H,True,True
GW62201H,https://www.gewiss.com//ww/en/products/experience-catalogue/catalogs/series/product/building/iec-309-hp-range-plugs-and-socket-outlets-iec-309-standards/GW62201H,True,True
GW62205H,https://www.gewiss.com//ww/en/products/experience-catalogue/catalogs/series/product/building/iec-309-hp-range-plugs-and-socket-outlets-iec-309-standards/GW62205H,True,True
GW62208H,https://www.gewiss.com//ww/en/products/experience-catalogue/catalogs/series/product/building/iec-309-hp-range-plugs-and-socket-outlets-iec-309-standards/GW62208H,True,True
GW62209H,https://www.gewiss.com//ww/en/products/experience-catalogue/catalogs/series/product/building/iec-309-hp-range-plugs-and-socket-outlets-iec-309-standards/GW62209H,True,True
GW62210H,https://www.gewiss.com//ww/en/products/experience-catalogue/catalogs/series/product/building/iec-309-hp-range-plugs-and-socket-outlets-iec-309-standards/GW62210H,True,True
GW62213H,https://www.gewiss.com//ww/en/products/experience-catalogue/catalogs/series/product/building/iec-309-hp-range-plugs-and-socket-outlets-iec-309-standards/GW62213H,True,True
GW62216H,https://www.gewiss.com//ww/en/products/experience-catalogue/catalogs/series/product/building/iec-309-hp-range-plugs-and-socket-outlets-iec-309-standards/GW62216H,True,True
GW62219H,https://www.gewiss.com//ww/en/products/experience-catalogue/catalogs/series/product/building/iec-309-hp-range-plugs-and-socket-outlets-iec-309-standards/GW62219H,True,True
GW62220H,https://www.gewiss.com//ww/en/products/experience-catalogue/catalogs/series/product/building/iec-309-hp-range-plugs-and-socket-outlets-iec-309-standards/GW62220H,True,True
GW62221H,https://www.gewiss.com//ww/en/products/experience-catalogue/catalogs/series/product/building/iec-309-hp-range-plugs-and-socket-outlets-iec-309-standards/GW62221H,True,True
GW62265,https://www.gewiss.com//ww/en/products/experience-catalogue/catalogs/series/product/building/iec-309-bts-range-extra-low-voltage-plugs-and-socket-outlets-iec-309-standard/GW62265,True,True
GW62266,https://www.gewiss.com//ww/en/products/experience-catalogue/catalogs/series/product/building/iec-309-bts-range-extra-low-voltage-plugs-and-socket-outlets-iec-309-standard/GW62266,True,True
GW62267,https://www.gewiss.com//ww/en/products/experience-catalogue/catalogs/series/product/building/iec-309-bts-range-extra-low-voltage-plugs-and-socket-outlets-iec-309-standard/GW62267,True,True
GW62268,https://www.gewiss.com//ww/en/products/experience-catalogue/catalogs/series/product/building/iec-309-bts-range-extra-low-voltage-plugs-and-socket-outlets-iec-309-standard/GW62268,False,False
GW62224H,https://www.gewiss.com//ww/en/products/experience-catalogue/catalogs/series/product/building/iec-309-hp-range-plugs-and-socket-outlets-iec-309-standards/GW62224H,True,True
GW62227H,https://www.gewiss.com//ww/en/products/experience-catalogue/catalogs/series/product/building/iec-309-hp-range-plugs-and-socket-outlets-iec-309-standards/GW62227H,True,True
GW62231H,https://www.gewiss.com//ww/en/products/experience-catalogue/catalogs/series/product/building/iec-309-hp-range-plugs-and-socket-outlets-iec-309-standards/GW62231H,False,False
GW62232H,https://www.gewiss.com//ww/en/products/experience-catalogue/catalogs/series/product/building/iec-309-hp-range-plugs-and-socket-outlets-iec-309-standards/GW62232H,True,True
GW62235H,https://www.gewiss.com//ww/en/products/experience-catalogue/catalogs/series/product/building/iec-309-hp-range-plugs-and-socket-outlets-iec-309-standards/GW62235H,True,True
GW62238H,https://www.gewiss.com//ww/en/products/experience-catalogue/catalogs/series/product/building/iec-309-hp-range-plugs-and-socket-outlets-iec-309-standards/GW62238H,True,True
GW62242H,https://www.gewiss.com//ww/en/products/experience-catalogue/catalogs/series/product/building/iec-309-hp-range-plugs-and-socket-outlets-iec-309-standards/GW62242H,True,True
GW62243H,https://www.gewiss.com//ww/en/products/experience-catalogue/catalogs/series/product/building/iec-309-hp-range-plugs-and-socket-outlets-iec-309-standards/GW62243H,True,True
GW63246H,https://www.gewiss.com//ww/en/products/experience-catalogue/catalogs/series/product/building/iec-309-hp-range-plugs-and-socket-outlets-iec-309-standards/GW63246H,True,True
GW63249H,https://www.gewiss.com//ww/en/products/experience-catalogue/catalogs/series/product/building/iec-309-hp-range-plugs-and-socket-outlets-iec-309-standards/GW63249H,True,True
GW63253H,https://www.gewiss.com//ww/en/products/experience-catalogue/catalogs/series/product/building/iec-309-hp-range-plugs-and-socket-outlets-iec-309-standards/GW63253H,True,True
GW63254H,https://www.gewiss.com//ww/en/products/experience-catalogue/catalogs/series/product/building/iec-309-hp-range-plugs-and-socket-outlets-iec-309-standards/GW63254H,True,True
GW62261H,https://www.gewiss.com//ww/en/products/experience-catalogue/catalogs/series/product/building/iec-309-hp-range-plugs-and-socket-outlets-iec-309-standards/GW62261H,True,True
GW62262H,https://www.gewiss.com//ww/en/products/experience-catalogue/catalogs/series/product/building/iec-309-hp-range-plugs-and-socket-outlets-iec-309-standards/GW62262H,True,True
GW62401,https://www.gewiss.com//ww/en/products/experience-catalogue/catalogs/series/product/building/iec-309-hp-range-plugs-and-socket-outlets-iec-309-standards/GW62401,True,True
GW62404,https://www.gewiss.com//ww/en/products/experience-catalogue/catalogs/series/product/building/iec-309-hp-range-plugs-and-socket-outlets-iec-309-standards/GW62404,True,True
GW62408,https://www.gewiss.com//ww/en/products/experience-catalogue/catalogs/series/product/building/iec-309-hp-range-plugs-and-socket-outlets-iec-309-standards/GW62408,True,True
GW62409,https://www.gewiss.com//ww/en/products/experience-catalogue/catalogs/series/product/building/iec-309-hp-range-plugs-and-socket-outlets-iec-309-standards/GW62409,True,True
GW62412,https://www.gewiss.com//ww/en/products/experience-catalogue/catalogs/series/product/building/iec-309-hp-range-plugs-and-socket-outlets-iec-309-standards/GW62412,True,True
GW62415,https://www.gewiss.com//ww/en/products/experience-catalogue/catalogs/series/product/building/iec-309-hp-range-plugs-and-socket-outlets-iec-309-standards/GW62415,True,True
GW62419,https://www.gewiss.com//ww/en/products/experience-catalogue/catalogs/series/product/building/iec-309-hp-range-plugs-and-socket-outlets-iec-309-standards/GW62419,True,True
GW62420,https://www.gewiss.com//ww/en/products/experience-catalogue/catalogs/series/product/building/iec-309-hp-range-plugs-and-socket-outlets-iec-309-standards/GW62420,True,True
GW62456,https://www.gewiss.com//ww/en/products/experience-catalogue/catalogs/series/product/building/iec-309-bts-range-extra-low-voltage-plugs-and-socket-outlets-iec-309-standard/GW62456,True,True
GW62457,https://www.gewiss.com//ww/en/products/experience-catalogue/catalogs/series/product/building/iec-309-bts-range-extra-low-voltage-plugs-and-socket-outlets-iec-309-standard/GW62457,False,False
GW62458,https://www.gewiss.com//ww/en/products/experience-catalogue/catalogs/series/product/building/iec-309-bts-range-extra-low-voltage-plugs-and-socket-outlets-iec-309-standard/GW62458,True,True
GW62459,https://www.gewiss.com//ww/en/products/experience-catalogue/catalogs/series/product/building/iec-309-bts-range-extra-low-voltage-plugs-and-socket-outlets-iec-309-standard/GW62459,True,True
GW62423,https://www.gewiss.com//ww/en/products/experience-catalogue/catalogs/series/product/building/iec-309-hp-range-plugs-and-socket-outlets-iec-309-standards/GW62423,True,True
GW62426,https://www.gewiss.com//ww/en/products/experience-catalogue/catalogs/series/product/building/iec-309-hp-range-plugs-and-socket-outlets-iec-309-standards/GW62426,True,True
GW62430,https://www.gewiss.com//ww/en/products/experience-catalogue/catalogs/series/product/building/iec-309-hp-range-plugs-and-socket-outlets-iec-309-standards/GW62430,True,True
GW62431,https://www.gewiss.com//ww/en/products/experience-catalogue/catalogs/series/product/building/iec-309-hp-range-plugs-and-socket-outlets-iec-309-standards/GW62431,True,True
GW62434,https://www.gewiss.com//ww/en/products/experience-catalogue/catalogs/series/product/building/iec-309-hp-range-plugs-and-socket-outlets-iec-309-standards/GW62434,True,True
GW62437,https://www.gewiss.com//ww/en/products/experience-catalogue/catalogs/series/product/building/iec-309-hp-range-plugs-and-socket-outlets-iec-309-standards/GW62437,True,True
GW62441,https://www.gewiss.com//ww/en/products/experience-catalogue/catalogs/series/product/building/iec-309-hp-range-plugs-and-socket-outlets-iec-309-standards/GW62441,True,True
GW62442,https://www.gewiss.com//ww/en/products/experience-catalogue/catalogs/series/product/building/iec-309-hp-range-plugs-and-socket-outlets-iec-309-standards/GW62442,True,True
GW63445,https://www.gewiss.com//ww/en/products/experience-catalogue/catalogs/series/product/building/iec-309-hp-range-plugs-and-socket-outlets-iec-309-standards/GW63445,True,True
GW63448,https://www.gewiss.com//ww/en/products/experience-catalogue/catalogs/series/product/building/iec-309-hp-range-plugs-and-socket-outlets-iec-309-standards/GW63448,True,True
GW63449,https://www.gewiss.com//ww/en/products/experience-catalogue/catalogs/series/product/building/iec-309-hp-range-plugs-and-socket-outlets-iec-309-standards/GW63449,False,False
GW63450,https://www.gewiss.com//ww/en/products/experience-catalogue/catalogs/series/product/building/iec-309-hp-range-plugs-and-socket-outlets-iec-309-standards/GW63450,False,False
GW63452,https://www.gewiss.com//ww/en/products/experience-catalogue/catalogs/series/product/building/iec-309-hp-range-plugs-and-socket-outlets-iec-309-standards/GW63452,True,True
GW63453,https://www.gewiss.com//ww/en/products/experience-catalogue/catalogs/series/product/building/iec-309-hp-range-plugs-and-socket-outlets-iec-309-standards/GW63453,True,True
GW62474,https://www.gewiss.com//ww/en/products/experience-catalogue/catalogs/series/product/building/iec-309-hp-range-plugs-and-socket-outlets-iec-309-standards/GW62474,True,True
GW62477,https://www.gewiss.com//ww/en/products/experience-catalogue/catalogs/series/product/building/iec-309-hp-range-plugs-and-socket-outlets-iec-309-standards/GW62477,True,True
GW62481,https://www.gewiss.com//ww/en/products/experience-catalogue/catalogs/series/product/building/iec-309-hp-range-plugs-and-socket-outlets-iec-309-standards/GW62481,True,True
GW62482,https://www.gewiss.com//ww/en/products/experience-catalogue/catalogs/series/product/building/iec-309-hp-range-plugs-and-socket-outlets-iec-309-standards/GW62482,True,True
GW62485,https://www.gewiss.com//ww/en/products/experience-catalogue/catalogs/series/product/building/iec-309-hp-range-plugs-and-socket-outlets-iec-309-standards/GW62485,True,True
GW62488,https://www.gewiss.com//ww/en/products/experience-catalogue/catalogs/series/product/building/iec-309-hp-range-plugs-and-socket-outlets-iec-309-standards/GW62488,True,True
GW62492,https://www.gewiss.com//ww/en/products/experience-catalogue/catalogs/series/product/building/iec-309-hp-range-plugs-and-socket-outlets-iec-309-standards/GW62492,True,True
GW62493,https://www.gewiss.com//ww/en/products/experience-catalogue/catalogs/series/product/building/iec-309-hp-range-plugs-and-socket-outlets-iec-309-standards/GW62493,True,True
GW62496,https://www.gewiss.com//ww/en/products/experience-catalogue/catalogs/series/product/building/iec-309-hp-range-plugs-and-socket-outlets-iec-309-standards/GW62496,True,True
GW62499,https://www.gewiss.com//ww/en/products/experience-catalogue/catalogs/series/product/building/iec-309-hp-range-plugs-and-socket-outlets-iec-309-standards/GW62499,True,True
GW62504,https://www.gewiss.com//ww/en/products/experience-catalogue/catalogs/series/product/building/iec-309-hp-range-plugs-and-socket-outlets-iec-309-standards/GW62504,True,True
GW62505,https://www.gewiss.com//ww/en/products/experience-catalogue/catalogs/series/product/building/iec-309-hp-range-plugs-and-socket-outlets-iec-309-standards/GW62505,True,True
GW62508,https://www.gewiss.com//ww/en/products/experience-catalogue/catalogs/series/product/building/iec-309-hp-range-plugs-and-socket-outlets-iec-309-standards/GW62508,True,True
GW62511,https://www.gewiss.com//ww/en/products/experience-catalogue/catalogs/series/product/building/iec-309-hp-range-plugs-and-socket-outlets-iec-309-standards/GW62511,True,True
GW62515,https://www.gewiss.com//ww/en/products/experience-catalogue/catalogs/series/product/building/iec-309-hp-range-plugs-and-socket-outlets-iec-309-standards/GW62515,True,True
GW62516,https://www.gewiss.com//ww/en/products/experience-catalogue/catalogs/series/product/building/iec-309-hp-range-plugs-and-socket-outlets-iec-309-standards/GW62516,True,True
GW63519,,False,False
GW63522,https://www.gewiss.com//ww/en/products/experience-catalogue/catalogs/series/product/building/iec-309-hp-range-plugs-and-socket-outlets-iec-309-standards/GW63522,True,True
GW63526,https://www.gewiss.com//ww/en/products/experience-catalogue/catalogs/series/product/building/iec-309-hp-range-plugs-and-socket-outlets-iec-309-standards/GW63526,True,True
GW63527,https://www.gewiss.com//ww/en/products/experience-catalogue/catalogs/series/product/building/iec-309-hp-range-plugs-and-socket-outlets-iec-309-standards/GW63527,False,False
GW62534,https://www.gewiss.com//ww/en/products/experience-catalogue/catalogs/series/product/building/iec-309-hp-range-plugs-and-socket-outlets-iec-309-standards/GW62534,True,True
GW62535,https://www.gewiss.com//ww/en/products/experience-catalogue/catalogs/series/product/building/iec-309-hp-range-plugs-and-socket-outlets-iec-309-standards/GW62535,True,True
GW64008,https://www.gewiss.com//ww/en/products/experience-catalogue/catalogs/series/product/building/iec-309-ma-range-multiple-sockets-and-adaptor-for-industrial-and-domestic-uses-protected-and-watertight/GW64008,True,True
GW64010,https://www.gewiss.com//ww/en/products/experience-catalogue/catalogs/series/product/building/iec-309-ma-range-multiple-sockets-and-adaptor-for-industrial-and-domestic-uses-protected-and-watertight/GW64010,True,True
GW64013,https://www.gewiss.com//ww/en/products/experience-catalogue/catalogs/series/product/building/iec-309-ma-range-multiple-sockets-and-adaptor-for-industrial-and-domestic-uses-protected-and-watertight/GW64013,True,True
GW64014,https://www.gewiss.com//ww/en/products/experience-catalogue/catalogs/series/product/building/iec-309-ma-range-multiple-sockets-and-adaptor-for-industrial-and-domestic-uses-protected-and-watertight/GW64014,True,True
GW64022,https://www.gewiss.com//ww/en/products/experience-catalogue/catalogs/series/product/building/iec-309-ma-range-multiple-sockets-and-adaptor-for-industrial-and-domestic-uses-protected-and-watertight/GW64022,True,True
GW64024,https://www.gewiss.com//ww/en/products/experience-catalogue/catalogs/series/product/building/iec-309-ma-range-multiple-sockets-and-adaptor-for-industrial-and-domestic-uses-protected-and-watertight/GW64024,True,True
GW64027,https://www.gewiss.com//ww/en/products/experience-catalogue/catalogs/series/product/building/iec-309-ma-range-multiple-sockets-and-adaptor-for-industrial-and-domestic-uses-protected-and-watertight/GW64027,True,True
GW64028,,False,False
GW64068,https://www.gewiss.com//ww/en/products/experience-catalogue/catalogs/series/product/building/iec-309-ma-range-multiple-sockets-and-adaptor-for-industrial-and-domestic-uses-protected-and-watertight/GW64068,True,True
GW64050,https://www.gewiss.com//ww/en/products/experience-catalogue/catalogs/series/product/building/iec-309-ma-range-multiple-sockets-and-adaptor-for-industrial-and-domestic-uses-protected-and-watertight/GW64050,True,True
GW64052,https://www.gewiss.com//ww/en/products/experience-catalogue/catalogs/series/product/building/iec-309-ma-range-multiple-sockets-and-adaptor-for-industrial-and-domestic-uses-protected-and-watertight/GW64052,True,True
GW64055,https://www.gewiss.com//ww/en/products/experience-catalogue/catalogs/series/product/building/iec-309-ma-range-multiple-sockets-and-adaptor-for-industrial-and-domestic-uses-protected-and-watertight/GW64055,True,True
GW64056,https://www.gewiss.com//ww/en/products/experience-catalogue/catalogs/series/product/building/iec-309-ma-range-multiple-sockets-and-adaptor-for-industrial-and-domestic-uses-protected-and-watertight/GW64056,True,True
GW64204,https://www.gewiss.com//ww/en/products/experience-catalogue/catalogs/series/product/building/iec-309-ma-range-multiple-sockets-and-adaptor-for-industrial-and-domestic-uses-protected-and-watertight/GW64204,True,True
GW66445,https://www.gewiss.com//ww/en/products/experience-catalogue/catalogs/series/product/building/ib-range-interlocked-socket-outlets-iec-309-standards/GW66445,True,True
GW66448,https://www.gewiss.com//ww/en/products/experience-catalogue/catalogs/series/product/building/ib-range-interlocked-socket-outlets-iec-309-standards/GW66448,True,True
GW66452,https://www.gewiss.com//ww/en/products/experience-catalogue/catalogs/series/product/building/ib-range-interlocked-socket-outlets-iec-309-standards/GW66452,True,True
GW66453,https://www.gewiss.com//ww/en/products/experience-catalogue/catalogs/series/product/building/ib-range-interlocked-socket-outlets-iec-309-standards/GW66453,True,True
GW66456,https://www.gewiss.com//ww/en/products/experience-catalogue/catalogs/series/product/building/ib-range-interlocked-socket-outlets-iec-309-standards/GW66456,True,True
GW66459,https://www.gewiss.com//ww/en/products/experience-catalogue/catalogs/series/product/building/ib-range-interlocked-socket-outlets-iec-309-standards/GW66459,True,True
GW66463,https://www.gewiss.com//ww/en/products/experience-catalogue/catalogs/series/product/building/ib-range-interlocked-socket-outlets-iec-309-standards/GW66463,True,True
GW66464,https://www.gewiss.com//ww/en/products/experience-catalogue/catalogs/series/product/building/ib-range-interlocked-socket-outlets-iec-309-standards/GW66464,True,True
GW66201N,https://www.gewiss.com//ww/en/products/experience-catalogue/catalogs/series/product/building/ib-range-interlocked-socket-outlets-iec-309-standards/GW66201N,True,True
GW66204N,https://www.gewiss.com//ww/en/products/experience-catalogue/catalogs/series/product/building/ib-range-interlocked-socket-outlets-iec-309-standards/GW66204N,True,True
GW66208N,https://www.gewiss.com//ww/en/products/experience-catalogue/catalogs/series/product/building/ib-range-interlocked-socket-outlets-iec-309-standards/GW66208N,True,True
GW66209N,https://www.gewiss.com//ww/en/products/experience-catalogue/catalogs/series/product/building/ib-range-interlocked-socket-outlets-iec-309-standards/GW66209N,True,True
GW66212N,https://www.gewiss.com//ww/en/products/experience-catalogue/catalogs/series/product/building/ib-range-interlocked-socket-outlets-iec-309-standards/GW66212N,True,True
GW66215N,https://www.gewiss.com//ww/en/products/experience-catalogue/catalogs/series/product/building/ib-range-interlocked-socket-outlets-iec-309-standards/GW66215N,True,True
GW66219N,https://www.gewiss.com//ww/en/products/experience-catalogue/catalogs/series/product/building/ib-range-interlocked-socket-outlets-iec-309-standards/GW66219N,True,True
GW66220N,https://www.gewiss.com//ww/en/products/experience-catalogue/catalogs/series/product/building/ib-range-interlocked-socket-outlets-iec-309-standards/GW66220N,False,False
GW67256N,https://www.gewiss.com//ww/en/products/experience-catalogue/catalogs/series/product/building/ib-range-interlocked-socket-outlets-iec-309-standards/GW67256N,True,True
GW67259N,https://www.gewiss.com//ww/en/products/experience-catalogue/catalogs/series/product/building/ib-range-interlocked-socket-outlets-iec-309-standards/GW67259N,True,True
GW67263N,https://www.gewiss.com//ww/en/products/experience-catalogue/catalogs/series/product/building/ib-range-interlocked-socket-outlets-iec-309-standards/GW67263N,True,True
GW67264N,https://www.gewiss.com//ww/en/products/experience-catalogue/catalogs/series/product/building/ib-range-interlocked-socket-outlets-iec-309-standards/GW67264N,True,True
GW66741N,https://www.gewiss.com//ww/en/products/experience-catalogue/catalogs/series/product/building/ib-range-interlocked-socket-outlets-iec-309-standards/GW66741N,True,True
GW66742N,,False,False
GW66977,https://www.gewiss.com//ww/en/products/experience-catalogue/catalogs/series/product/building/ib-range-interlocked-socket-outlets-iec-309-standards/GW66977,True,True
GW66981,https://www.gewiss.com//ww/en/products/experience-catalogue/catalogs/series/product/building/ib-range-interlocked-socket-outlets-iec-309-standards/GW66981,True,True
GW66982,https://www.gewiss.com//ww/en/products/experience-catalogue/catalogs/series/product/building/ib-range-interlocked-socket-outlets-iec-309-standards/GW66982,True,True
GW66985,https://www.gewiss.com//ww/en/products/experience-catalogue/catalogs/series/product/building/ib-range-interlocked-socket-outlets-iec-309-standards/GW66985,True,True
GW66988,https://www.gewiss.com//ww/en/products/experience-catalogue/catalogs/series/product/building/ib-range-interlocked-socket-outlets-iec-309-standards/GW66988,True,True
GW66992,https://www.gewiss.com//ww/en/products/experience-catalogue/catalogs/series/product/building/ib-range-interlocked-socket-outlets-iec-309-standards/GW66992,True,True
GW66993,,False,False
GW66873,https://www.gewiss.com//ww/en/products/experience-catalogue/catalogs/series/product/building/ib-range-interlocked-socket-outlets-iec-309-standards/GW66873,True,True
GW66874,https://www.gewiss.com//ww/en/products/experience-catalogue/catalogs/series/product/building/ib-range-interlocked-socket-outlets-iec-309-standards/GW66874,True,True
GW70431P,https://www.gewiss.com//ww/en/products/experience-catalogue/catalogs/series/product/building/70-rt-hp-range-rotary-isolator/GW70431P,True,True
GW70432P,https://www.gewiss.com//ww/en/products/experience-catalogue/catalogs/series/product/building/70-rt-hp-range-rotary-isolator/GW70432P,True,True
GW70433P,https://www.gewiss.com//ww/en/products/experience-catalogue/catalogs/series/product/building/70-rt-hp-range-rotary-isolator/GW70433P,True,True
GW70434P,https://www.gewiss.com//ww/en/products/experience-catalogue/catalogs/series/product/building/70-rt-hp-range-rotary-isolator/GW70434P,True,True
GW70435P,https://www.gewiss.com//ww/en/products/experience-catalogue/catalogs/series/product/building/70-rt-hp-range-rotary-isolator/GW70435P,True,True
GW70436P,https://www.gewiss.com//ww/en/products/experience-catalogue/catalogs/series/product/building/70-rt-hp-range-rotary-isolator/GW70436P,True,True
GW70437P,https://www.gewiss.com//ww/en/products/experience-catalogue/catalogs/series/product/building/70-rt-hp-range-rotary-isolator/GW70437P,True,True
GW70438P,https://www.gewiss.com//ww/en/products/experience-catalogue/catalogs/series/product/building/70-rt-hp-range-rotary-isolator/GW70438P,True,True
GW68017N,https://www.gewiss.com//ww/en/products/experience-catalogue/catalogs/series/product/building/68-q-din-range-distribution-boards/GW68017N,True,True
GW68018N,https://www.gewiss.com//ww/en/products/experience-catalogue/catalogs/series/product/building/68-q-din-range-distribution-boards/GW68018N,True,True
GW68001N,https://www.gewiss.com//ww/en/products/experience-catalogue/catalogs/series/product/building/68-q-din-range-distribution-boards/GW68001N,True,True
GW68020N,https://www.gewiss.com//ww/en/products/experience-catalogue/catalogs/series/product/building/68-q-din-range-distribution-boards/GW68020N,True,True
GW68002N,https://www.gewiss.com//ww/en/products/experience-catalogue/catalogs/series/product/building/68-q-din-range-distribution-boards/GW68002N,True,True
GW68003N,https://www.gewiss.com//ww/en/products/experience-catalogue/catalogs/series/product/building/68-q-din-range-distribution-boards/GW68003N,True,True
GW68019N,https://www.gewiss.com//ww/en/products/experience-catalogue/catalogs/series/product/building/ib-range-interlocked-socket-outlets-iec-309-standards/GW68019N,True,True
GW68004N,https://www.gewiss.com//ww/en/products/experience-catalogue/catalogs/series/product/building/68-q-din-range-distribution-boards/GW68004N,True,True
GW68005N,https://www.gewiss.com//ww/en/products/experience-catalogue/catalogs/series/product/building/68-q-din-range-distribution-boards/GW68005N,True,True
GW68006N,https://www.gewiss.com//ww/en/products/experience-catalogue/catalogs/series/product/building/ib-range-interlocked-socket-outlets-iec-309-standards/GW68006N,True,True
GW68007N,https://www.gewiss.com//ww/en/products/experience-catalogue/catalogs/series/product/building/68-q-din-range-distribution-boards/GW68007N,True,True
GW68008N,https://www.gewiss.com//ww/en/products/experience-catalogue/catalogs/series/product/building/68-q-din-range-distribution-boards/GW68008N,True,True
GW68009N,https://www.gewiss.com//ww/en/products/experience-catalogue/catalogs/series/product/building/ib-range-interlocked-socket-outlets-iec-309-standards/GW68009N,True,True
GW68010N,https://www.gewiss.com//ww/en/products/experience-catalogue/catalogs/series/product/building/ib-range-interlocked-socket-outlets-iec-309-standards/GW68010N,True,True
GW68012N,https://www.gewiss.com//ww/en/products/experience-catalogue/catalogs/series/product/building/68-q-din-range-distribution-boards/GW68012N,True,True
GW68013N,https://www.gewiss.com//ww/en/products/experience-catalogue/catalogs/series/product/building/68-q-din-range-distribution-boards/GW68013N,True,True
GW68014N,https://www.gewiss.com//ww/en/products/experience-catalogue/catalogs/series/product/building/ib-range-interlocked-socket-outlets-iec-309-standards/GW68014N,True,True
GW68015N,https://www.gewiss.com//ww/en/products/experience-catalogue/catalogs/series/product/building/ib-range-interlocked-socket-outlets-iec-309-standards/GW68015N,True,True
GW27401,https://www.gewiss.com//ww/en/products/experience-catalogue/catalogs/series/product/domotics/27-combi-range-wall-mounting-enclosures-and-modular-components/GW27401,True,True
GW26410,https://www.gewiss.com//ww/en/products/experience-catalogue/catalogs/series/product/domotics/system---domestic-range-plates/GW26410,True,True
GW20208,https://www.gewiss.com//ww/en/products/experience-catalogue/catalogs/series/product/domotics/system---domestic-range-modular-devices/GW20208,True,True
GW44024,https://www.gewiss.com//ww/en/products/experience-catalogue/catalogs/series/product/building/44-ce-range-technopolymer-surface-mounting-watertight-junction-boxes/GW44024,True,True
GW44026,https://www.gewiss.com//ww/en/products/experience-catalogue/catalogs/series/product/building/44-ce-range-technopolymer-surface-mounting-watertight-junction-boxes/GW44026,True,True
GW44001,https://www.gewiss.com//ww/en/products/experience-catalogue/catalogs/series/product/building/44-ce-range-technopolymer-surface-mounting-watertight-junction-boxes/GW44001,True,True
GW44002,https://www.gewiss.com//ww/en/products/experience-catalogue/catalogs/series/product/building/44-ce-range-technopolymer-surface-mounting-watertight-junction-boxes/GW44002,True,True
GW44003,https://www.gewiss.com//ww/en/products/experience-catalogue/catalogs/series/product/building/44-ce-range-technopolymer-surface-mounting-watertight-junction-boxes/GW44003,True,True
GW44004,https://www.gewiss.com//ww/en/products/experience-catalogue/catalogs/series/product/building/44-ce-range-technopolymer-surface-mounting-watertight-junction-boxes/GW44004,True,True
GW44005,https://www.gewiss.com//ww/en/products/experience-catalogue/catalogs/series/product/building/44-ce-range-technopolymer-surface-mounting-watertight-junction-boxes/GW44005,True,True
GW44006,https://www.gewiss.com//ww/en/products/experience-catalogue/catalogs/series/product/building/44-ce-range-technopolymer-surface-mounting-watertight-junction-boxes/GW44006,True,True
GW44007,https://www.gewiss.com//ww/en/products/experience-catalogue/catalogs/series/product/building/44-ce-range-technopolymer-surface-mounting-watertight-junction-boxes/GW44007,True,True
GW44008,https://www.gewiss.com//ww/en/products/experience-catalogue/catalogs/series/product/building/44-ce-range-technopolymer-surface-mounting-watertight-junction-boxes/GW44008,False,False
GW44009,https://www.gewiss.com//ww/en/products/experience-catalogue/catalogs/series/product/building/44-ce-range-technopolymer-surface-mounting-watertight-junction-boxes/GW44009,True,True
GW44010,https://www.gewiss.com//ww/en/products/experience-catalogue/catalogs/series/product/building/44-ce-range-technopolymer-surface-mounting-watertight-junction-boxes/GW44010,True,True
GW44011,https://www.gewiss.com//ww/en/products/experience-catalogue/catalogs/series/product/building/44-ce-range-technopolymer-surface-mounting-watertight-junction-boxes/GW44011,True,True
GW44234,,False,False
GW44236,https://www.gewiss.com//ww/en/products/experience-catalogue/catalogs/series/product/building/44-ce-range-technopolymer-surface-mounting-watertight-junction-boxes/GW44236,True,True
GW44204,https://www.gewiss.com//ww/en/products/experience-catalogue/catalogs/series/product/building/44-ce-range-technopolymer-surface-mounting-watertight-junction-boxes/GW44204,True,True
GW44205,https://www.gewiss.com//ww/en/products/experience-catalogue/catalogs/series/product/building/44-ce-range-technopolymer-surface-mounting-watertight-junction-boxes/GW44205,True,True
GW44206,https://www.gewiss.com//ww/en/products/experience-catalogue/catalogs/series/product/building/44-ce-range-technopolymer-surface-mounting-watertight-junction-boxes/GW44206,False,False
GW44207,https://www.gewiss.com//ww/en/products/experience-catalogue/catalogs/series/product/building/44-ce-range-technopolymer-surface-mounting-watertight-junction-boxes/GW44207,False,False
GW44208,https://www.gewiss.com//ww/en/products/experience-catalogue/catalogs/series/product/building/44-ce-range-technopolymer-surface-mounting-watertight-junction-boxes/GW44208,True,True
GW44209,https://www.gewiss.com//ww/en/products/experience-catalogue/catalogs/series/product/building/44-ce-range-technopolymer-surface-mounting-watertight-junction-boxes/GW44209,True,True
GW44210,https://www.gewiss.com//ww/en/products/experience-catalogue/catalogs/series/product/building/44-ce-range-technopolymer-surface-mounting-watertight-junction-boxes/GW44210,True,True
GW44211,https://www.gewiss.com//ww/en/products/experience-catalogue/catalogs/series/product/building/44-ce-range-technopolymer-surface-mounting-watertight-junction-boxes/GW44211,False,False
GW44214,https://www.gewiss.com//ww/en/products/experience-catalogue/catalogs/series/product/building/44-ce-range-technopolymer-surface-mounting-watertight-junction-boxes/GW44214,True,True
GW44215,https://www.gewiss.com//ww/en/products/experience-catalogue/catalogs/series/product/building/44-ce-range-technopolymer-surface-mounting-watertight-junction-boxes/GW44215,True,True
GW44216,https://www.gewiss.com//ww/en/products/experience-catalogue/catalogs/series/product/building/44-ce-range-technopolymer-surface-mounting-watertight-junction-boxes/GW44216,True,True
GW44217,https://www.gewiss.com//ww/en/products/experience-catalogue/catalogs/series/product/building/44-ce-range-technopolymer-surface-mounting-watertight-junction-boxes/GW44217,True,True
GW44218,https://www.gewiss.com//ww/en/products/experience-catalogue/catalogs/series/product/building/44-ce-range-technopolymer-surface-mounting-watertight-junction-boxes/GW44218,True,True
GW44219,https://www.gewiss.com//ww/en/products/experience-catalogue/catalogs/series/product/building/44-ce-range-technopolymer-surface-mounting-watertight-junction-boxes/GW44219,True,True
GW44220,https://www.gewiss.com//ww/en/products/experience-catalogue/catalogs/series/product/building/44-ce-range-technopolymer-surface-mounting-watertight-junction-boxes/GW44220,True,True
GW44221,https://www.gewiss.com//ww/en/products/experience-catalogue/catalogs/series/product/building/44-ce-range-technopolymer-surface-mounting-watertight-junction-boxes/GW44221,True,True
GW44426,https://www.gewiss.com//ww/en/products/experience-catalogue/catalogs/series/product/building/44-ce-range-technopolymer-surface-mounting-watertight-junction-boxes/GW44426,True,True
GW44427,https://www.gewiss.com//ww/en/products/experience-catalogue/catalogs/series/product/building/44-ce-range-technopolymer-surface-mounting-watertight-junction-boxes/GW44427,True,True
GW44428,https://www.gewiss.com//ww/en/products/experience-catalogue/catalogs/series/product/building/44-ce-range-technopolymer-surface-mounting-watertight-junction-boxes/GW44428,True,True
GW44429,https://www.gewiss.com//ww/en/products/experience-catalogue/catalogs/series/product/building/44-ce-range-technopolymer-surface-mounting-watertight-junction-boxes/GW44429,True,True
GW44430,https://www.gewiss.com//ww/en/products/experience-catalogue/catalogs/series/product/building/44-ce-range-technopolymer-surface-mounting-watertight-junction-boxes/GW44430,True,True
GW44431,https://www.gewiss.com//ww/en/products/experience-catalogue/catalogs/series/product/building/44-ce-range-technopolymer-surface-mounting-watertight-junction-boxes/GW44431,True,True
GW44436,https://www.gewiss.com//ww/en/products/experience-catalogue/catalogs/series/product/building/44-ce-range-technopolymer-surface-mounting-watertight-junction-boxes/GW44436,True,True
GW44437,https://www.gewiss.com//ww/en/products/experience-catalogue/catalogs/series/product/building/44-ce-range-technopolymer-surface-mounting-watertight-junction-boxes/GW44437,True,True
GW44438,https://www.gewiss.com//ww/en/products/experience-catalogue/catalogs/series/product/building/44-ce-range-technopolymer-surface-mounting-watertight-junction-boxes/GW44438,True,True
GW44439,https://www.gewiss.com//ww/en/products/experience-catalogue/catalogs/series/product/building/44-ce-range-technopolymer-surface-mounting-watertight-junction-boxes/GW44439,True,True
GW44440,https://www.gewiss.com//ww/en/products/experience-catalogue/catalogs/series/product/building/44-ce-range-technopolymer-surface-mounting-watertight-junction-boxes/GW44440,True,True
GW44441,https://www.gewiss.com//ww/en/products/experience-catalogue/catalogs/series/product/building/44-ce-range-technopolymer-surface-mounting-watertight-junction-boxes/GW44441,True,True
GW44051,https://www.gewiss.com//ww/en/products/experience-catalogue/catalogs/series/product/building/44-ce-range-technopolymer-surface-mounting-watertight-junction-boxes/GW44051R,True,True
GW44053,https://www.gewiss.com//ww/en/products/experience-catalogue/catalogs/series/product/building/44-ce-range-technopolymer-surface-mounting-watertight-junction-boxes/GW44053R,True,True
GW44054,https://www.gewiss.com//ww/en/products/experience-catalogue/catalogs/series/product/building/44-ce-range-technopolymer-surface-mounting-watertight-junction-boxes/GW44054R,True,True
GW44056,https://www.gewiss.com//ww/en/products/experience-catalogue/catalogs/series/product/building/44-ce-range-technopolymer-surface-mounting-watertight-junction-boxes/GW44056R,True,True
GW44057,https://www.gewiss.com//ww/en/products/experience-catalogue/catalogs/series/product/building/44-ce-range-technopolymer-surface-mounting-watertight-junction-boxes/GW44057,True,True
GW44058,https://www.gewiss.com//ww/en/products/experience-catalogue/catalogs/series/product/building/44-ce-range-technopolymer-surface-mounting-watertight-junction-boxes/GW44058,True,True
GW44615,https://www.gewiss.com//ww/en/products/experience-catalogue/catalogs/series/product/building/44-ce-range-technopolymer-surface-mounting-watertight-junction-boxes/GW44615,True,True
GW44616,https://www.gewiss.com//ww/en/products/experience-catalogue/catalogs/series/product/building/44-ce-range-technopolymer-surface-mounting-watertight-junction-boxes/GW44616,True,True
GW44617,https://www.gewiss.com//ww/en/products/experience-catalogue/catalogs/series/product/building/44-ce-range-technopolymer-surface-mounting-watertight-junction-boxes/GW44617,True,True
GW44618,https://www.gewiss.com//ww/en/products/experience-catalogue/catalogs/series/product/building/44-ce-range-technopolymer-surface-mounting-watertight-junction-boxes/GW44618,True,True
GW44619,https://www.gewiss.com//ww/en/products/experience-catalogue/catalogs/series/product/building/44-ce-range-technopolymer-surface-mounting-watertight-junction-boxes/GW44619,True,True
GW44621,https://www.gewiss.com//ww/en/products/experience-catalogue/catalogs/series/product/building/ib-range-interlocked-socket-outlets-iec-309-standards/GW44621,True,True
GW50428,https://www.gewiss.com//ww/en/products/experience-catalogue/catalogs/series/product/building/44-ce-range-technopolymer-surface-mounting-watertight-junction-boxes/GW50428,True,True
GW50429,https://www.gewiss.com//ww/en/products/experience-catalogue/catalogs/series/product/building/44-ce-range-technopolymer-surface-mounting-watertight-junction-boxes/GW50429,True,True
GW50430,https://www.gewiss.com//ww/en/products/experience-catalogue/catalogs/series/product/building/44-ce-range-technopolymer-surface-mounting-watertight-junction-boxes/GW50430,True,True
GW50431,https://www.gewiss.com//ww/en/products/experience-catalogue/catalogs/series/product/building/44-ce-range-technopolymer-surface-mounting-watertight-junction-boxes/GW50431,True,True
GW50432,https://www.gewiss.com//ww/en/products/experience-catalogue/catalogs/series/product/building/44-ce-range-technopolymer-surface-mounting-watertight-junction-boxes/GW50432,True,True
GW40101,https://www.gewiss.com//ww/en/products/experience-catalogue/catalogs/series/product/building/40-cd-range-surface-mounting-distribution-boards-and-enclosures/GW40101,True,True
GW40102,https://www.gewiss.com//ww/en/products/experience-catalogue/catalogs/series/product/building/40-cd-range-surface-mounting-distribution-boards-and-enclosures/GW40102BS,True,True
GW40103,https://www.gewiss.com//ww/en/products/experience-catalogue/catalogs/series/product/building/40-cd-range-surface-mounting-distribution-boards-and-enclosures/GW40103BS,True,True
GW40106,https://www.gewiss.com//ww/en/products/experience-catalogue/catalogs/series/product/building/40-cd-range-surface-mounting-distribution-boards-and-enclosures/GW40106BS,True,True
GW40104,https://www.gewiss.com//ww/en/products/experience-catalogue/catalogs/series/product/building/40-cd-range-surface-mounting-distribution-boards-and-enclosures/GW40104BD,True,True
GW40105,https://www.gewiss.com//ww/en/products/experience-catalogue/catalogs/series/product/building/40-cd-range-surface-mounting-distribution-boards-and-enclosures/GW40105BD,True,True
GW40107,https://www.gewiss.com//ww/en/products/experience-catalogue/catalogs/series/product/building/40-cd-range-surface-mounting-distribution-boards-and-enclosures/GW40107BS,True,True
GW40108,https://www.gewiss.com//ww/en/products/experience-catalogue/catalogs/series/product/building/40-cd-range-surface-mounting-distribution-boards-and-enclosures/GW40108BT,True,True
GW40109,https://www.gewiss.com//ww/en/products/experience-catalogue/catalogs/series/product/building/40-cd-range-surface-mounting-distribution-boards-and-enclosures/GW40109BQ,True,True
GW40113,https://www.gewiss.com//ww/en/products/experience-catalogue/catalogs/series/product/building/40-cde-range-enclosures-and-distribution-boards-for-specific-standards/GW40113,True,True
GW40114,https://www.gewiss.com//ww/en/products/experience-catalogue/catalogs/series/product/building/40-cde-range-enclosures-and-distribution-boards-for-specific-standards/GW40114,True,True
GW40115,https://www.gewiss.com//ww/en/products/experience-catalogue/catalogs/series/product/building/40-cde-range-enclosures-and-distribution-boards-for-specific-standards/GW40115,True,True
GW40123,https://www.gewiss.com//ww/en/products/experience-catalogue/catalogs/series/product/building/40-cde-range-enclosures-and-distribution-boards-for-specific-standards/GW40123,True,True
GW40124,https://www.gewiss.com//ww/en/products/experience-catalogue/catalogs/series/product/building/40-cde-range-enclosures-and-distribution-boards-for-specific-standards/GW40124,True,True
GW40125,,False,False
GW40001,https://www.gewiss.com//ww/en/products/experience-catalogue/catalogs/series/product/building/40-cd-range-surface-mounting-distribution-boards-and-enclosures/GW40001,True,True
GW40003,https://www.gewiss.com//ww/en/products/experience-catalogue/catalogs/series/product/building/40-cd-range-surface-mounting-distribution-boards-and-enclosures/GW40003,True,True
GW40005,https://www.gewiss.com//ww/en/products/experience-catalogue/catalogs/series/product/building/40-cd-range-surface-mounting-distribution-boards-and-enclosures/GW40005,True,True
GW40009,https://www.gewiss.com//ww/en/products/experience-catalogue/catalogs/series/product/building/40-cd-range-surface-mounting-distribution-boards-and-enclosures/GW40009,True,True
GW40022,https://www.gewiss.com//ww/en/products/experience-catalogue/catalogs/series/product/building/40-cd-range-surface-mounting-distribution-boards-and-enclosures/GW40022,False,False
GW40023,https://www.gewiss.com//ww/en/products/experience-catalogue/catalogs/series/product/building/40-cd-range-surface-mounting-distribution-boards-and-enclosures/GW40023,True,True
GW40024,https://www.gewiss.com//ww/en/products/experience-catalogue/catalogs/series/product/building/40-cd-range-surface-mounting-distribution-boards-and-enclosures/GW40024,True,True
GW40026,https://www.gewiss.com//ww/en/products/experience-catalogue/catalogs/series/product/building/40-cd-range-surface-mounting-distribution-boards-and-enclosures/GW40026,True,True
GW40028,https://www.gewiss.com//ww/en/products/experience-catalogue/catalogs/series/product/building/40-cd-range-surface-mounting-distribution-boards-and-enclosures/GW40028,True,True
GW40030,https://www.gewiss.com//ww/en/products/experience-catalogue/catalogs/series/product/building/40-cd-range-surface-mounting-distribution-boards-and-enclosures/GW40030,True,True
GW40032,https://www.gewiss.com//ww/en/products/experience-catalogue/catalogs/series/product/building/40-cd-range-surface-mounting-distribution-boards-and-enclosures/GW40032,True,True
GW40401,https://www.gewiss.com//ww/en/products/experience-catalogue/catalogs/series/product/domotics/green-wall-range-flush-mounting-system-for-plasterboard-walls/GW40401,True,True
GW40402,https://www.gewiss.com//ww/en/products/experience-catalogue/catalogs/series/product/domotics/green-wall-range-flush-mounting-system-for-plasterboard-walls/GW40402,True,True
GW40404,https://www.gewiss.com//ww/en/products/experience-catalogue/catalogs/series/product/domotics/green-wall-range-flush-mounting-system-for-plasterboard-walls/GW40404,True,True
GW40601,https://www.gewiss.com//ww/en/products/experience-catalogue/catalogs/series/product/domotics/40-cdi-range-flush-mounting-distribution-boards-and-enclosures/GW40601,False,False
GW40602,https://www.gewiss.com//ww/en/products/experience-catalogue/catalogs/series/product/domotics/40-cdi-range-flush-mounting-distribution-boards-and-enclosures/GW40602,True,True
GW40603,https://www.gewiss.com//ww/en/products/experience-catalogue/catalogs/series/product/domotics/40-cdi-range-flush-mounting-distribution-boards-and-enclosures/GW40603,True,True
GW40604,https://www.gewiss.com//ww/en/products/experience-catalogue/catalogs/series/product/domotics/40-cdi-range-flush-mounting-distribution-boards-and-enclosures/GW40604BS,True,True
GW40605,https://www.gewiss.com//ww/en/products/experience-catalogue/catalogs/series/product/domotics/40-cdi-range-flush-mounting-distribution-boards-and-enclosures/GW40605BS,True,True
GW40608,https://www.gewiss.com//ww/en/products/experience-catalogue/catalogs/series/product/domotics/40-cdi-range-flush-mounting-distribution-boards-and-enclosures/GW40608BS,True,True
DX30110,,False,False
DX30112,https://www.gewiss.com//ww/en/products/experience-catalogue/catalogs/series/product/building/df-range-flexible-protective-conduit-systems/DX30112,True,True
DX30114,https://www.gewiss.com//ww/en/products/experience-catalogue/catalogs/series/product/building/df-range-flexible-protective-conduit-systems/DX30114,True,True
DX30116,https://www.gewiss.com//ww/en/products/experience-catalogue/catalogs/series/product/building/df-range-flexible-protective-conduit-systems/DX30116,True,True
DX30120,https://www.gewiss.com//ww/en/products/experience-catalogue/catalogs/series/product/building/df-range-flexible-protective-conduit-systems/DX30120,False,False
DX30122,https://www.gewiss.com//ww/en/products/experience-catalogue/catalogs/series/product/building/df-range-flexible-protective-conduit-systems/DX30122,False,False
DX30125,https://www.gewiss.com//ww/en/products/experience-catalogue/catalogs/series/product/building/df-range-flexible-protective-conduit-systems/DX30125,True,True
DX30128,https://www.gewiss.com//ww/en/products/experience-catalogue/catalogs/series/product/building/df-range-flexible-protective-conduit-systems/DX30128,True,True
DX30132,https://www.gewiss.com//ww/en/products/experience-catalogue/catalogs/series/product/building/df-range-flexible-protective-conduit-systems/DX30132,True,True
DX30135,https://www.gewiss.com//ww/en/products/experience-catalogue/catalogs/series/product/building/df-range-flexible-protective-conduit-systems/DX30135,True,True
DX30140,https://www.gewiss.com//ww/en/products/experience-catalogue/catalogs/series/product/building/df-range-flexible-protective-conduit-systems/DX30140,True,True
DX30150,https://www.gewiss.com//ww/en/products/experience-catalogue/catalogs/series/product/building/df-range-flexible-protective-conduit-systems/DX30150,True,True
DX30160,https://www.gewiss.com//ww/en/products/experience-catalogue/catalogs/series/product/building/df-range-flexible-protective-conduit-systems/DX30160,True,True
DX54110,https://www.gewiss.com//ww/en/products/experience-catalogue/catalogs/series/product/building/df-range-flexible-protective-conduit-systems/DX54110,False,False
DX54112,https://www.gewiss.com//ww/en/products/experience-catalogue/catalogs/series/product/building/df-range-flexible-protective-conduit-systems/DX54112,False,False
DX54116,https://www.gewiss.com//ww/en/products/experience-catalogue/catalogs/series/product/building/df-range-flexible-protective-conduit-systems/DX54116,True,True
DX54120,https://www.gewiss.com//ww/en/products/experience-catalogue/catalogs/series/product/building/df-range-flexible-protective-conduit-systems/DX54120,True,True
DX54122,https://www.gewiss.com//ww/en/products/experience-catalogue/catalogs/series/product/building/df-range-flexible-protective-conduit-systems/DX54122,True,True
DX54125,https://www.gewiss.com//ww/en/products/experience-catalogue/catalogs/series/product/building/df-range-flexible-protective-conduit-systems/DX54125,False,False
DX54128,https://www.gewiss.com//ww/en/products/experience-catalogue/catalogs/series/product/building/df-range-flexible-protective-conduit-systems/DX54128,True,True
DX54132,https://www.gewiss.com//ww/en/products/experience-catalogue/catalogs/series/product/building/df-range-flexible-protective-conduit-systems/DX54132,True,True
DX54140,https://www.gewiss.com//ww/en/products/experience-catalogue/catalogs/series/product/building/df-range-flexible-protective-conduit-systems/DX54140,True,True
DX54150,https://www.gewiss.com//ww/en/products/experience-catalogue/catalogs/series/product/building/df-range-flexible-protective-conduit-systems/DX54150,True,True
